Telegram ID,Count
375542731,26
462722,30
432970267,19
518420147,18
459392242,21
270200807,9
305936907,17
238773003,9
407841196,20
464619027,8
387877255,10
279159946,16
407249068,7
263310465,8
1178706327,19
472067999,7
37475999,8
85281936,7
501832798,15
38055419,22
49846066,15
112842363,23
508640239,16
469408485,6
315184635,6
337758129,16
436934693,15
790769438,7
320940676,6
909166912,7
323559061,14
370296641,6
450910678,14
438786796,14
477151824,6
506573104,14
785943617,15
792845295,7
1002489864,6
579592081,16
325375033,6
454815839,8
403147,5
447480871,5
361697883,5
468496634,5
483226083,6
476364236,5
95188025,6
864624886,14
740776227,7
392304884,2
530546121,5
373727962,5
367664519,6
483215845,5
412563129,5
1343523870,5
178446945,5
261595784,5
545242716,5
404461823,5
29526041,13
46946584,5
398310612,5
369488310,5
1241295558,6
584964339,5
1281903757,5
549917670,5
445479964,5
371349957,2
1323045482,5
332731712,4
419345,5
387189569,4
378358615,2
470269277,4
380905831,5
415215249,13
484107394,4
268529012,5
396492320,4
499388540,5
349384764,12
154699249,5
1045541275,4
489605442,5
1318167214,4
896387744,4
1382890433,22
1394984165,4
807752860,4
423418935,4
312853581,12
98221489,4
16708526,11
149954717,4
650045343,10
521376570,4
480611928,4
370651183,4
781086902,4
36742237,4
491346147,4
271029178,5
486474957,5
355608797,4
384529305,4
1345655035,4
441587540,4
501496799,4
1296810619,4
433315452,4
1059514834,13
454241131,12
971724,4
752572964,4
511355494,4
243404190,4
404806059,4
414467556,5
1358058129,4
1358048057,4
321020476,4
147577458,5
413955281,5
537727744,3
231249850,4
424560226,4
413290672,12
375018486,4
1000100743,3
195688323,4
415513012,12
487999687,5
879837823,4
1005317652,3
953506,3
469054290,3
505632204,3
496876605,11
850500839,24
414782431,5
265237894,3
149154010,3
428360295,4
428251001,4
279043344,3
949400966,3
1265488773,4
426739392,4
6884316,11
455988606,3
359380489,4
1480565976,4
1474696830,3
212733944,3
1432534721,5
521050668,4
772556603,3
757766027,3
427477348,3
715518902,4
302957889,3
587053178,3
557084459,4
415533864,3
188200615,3
1362941890,3
523999898,3
594354757,3
578464525,4
272895004,4
887463665,3
1499998068,3
492519214,11
1238192119,4
462692720,3
279982796,3
172725326,3
261855765,3
355676,3
493603144,3
441053137,3
419628360,4
419590682,3
390256028,3
347940896,3
1042373427,4
302447112,3
92794221,3
627011619,8
480520560,3
476933601,3
909755176,3
368008033,3
825227753,3
428840721,3
429984253,3
238010207,4
345296042,3
216187278,3
219461181,3
455519079,3
523622946,3
200363979,3
435363513,3
881662196,4
477118984,3
1090155356,3
333921138,3
472473268,3
501179791,3
62938261,3
523432911,4
339268340,4
11697044,3
418892715,3
1300168356,3
430635261,3
1445159297,4
189336875,3
327964678,3
439403435,3
152215506,3
446554115,3
324336299,4
319410038,3
214822870,3
630067128,3
6722095,3
555144444,3
1310028300,3
448273956,3
490131028,3
487695059,3
161549665,3
458920836,3
1378084292,3
1453251816,3
101568319,3
370810211,3
430403394,3
466380978,3
589779122,3
390514791,3
394865914,3
410782636,3
1283851726,3
112883555,3
864144767,3
1398947505,3
1028429210,3
284809503,2
349052958,3
647887019,3
379350499,3
429650540,3
397983212,3
1225506402,3
408051108,4
696692022,3
857319825,3
414666138,3
1051903737,2
875903708,2
493469383,2
602878484,2
1355108627,2
183220729,2
499202,2
1843942464,3
788681904,3
426040423,3
398463856,3
447493671,3
395049925,3
346697919,2
975844773,3
37156451,3
526943296,3
519898470,3
1552851159,3
1333392084,3
173160725,2
473951121,2
507734231,2
207187668,2
393839297,2
908869959,2
424012673,2
326126408,2
390067847,2
429766266,3
861293896,3
358854851,2
904944578,2
70421674,2
642993231,2
1376617405,2
371268670,2
458881015,2
844554965,2
711725516,2
221903542,2
738756848,3
224230105,2
1668790291,2
795212417,2
533772868,2
330257786,2
378746075,2
434651715,2
24151982,2
337155815,2
399719678,2
460101387,4
1225918319,3
1717572704,3
215386249,3
162177023,3
387443199,3
367808867,2
1101508842,2
358680011,2
924470928,2
148664858,2
390403610,2
428443351,3
465957195,2
359774701,2
621587673,2
280574358,2
448309583,2
291866701,2
404575228,2
122924433,2
1096718200,2
1387040310,2
855424345,3
892740927,3
404251977,2
526694265,2
437981713,2
239288039,2
389271004,2
389916715,2
505492006,2
479642802,2
42369458,2
1222819845,2
533721047,2
918736160,2
343721579,2
1390343998,2
315164592,3
822252080,2
101887461,2
132006790,2
528462313,2
504595934,2
706647959,2
1072131853,2
464062585,2
465789903,3
305771171,3
447280889,3
396438804,3
913835114,2
1673105,17
380823736,2
1626396518,2
308260155,2
110757132,2
14295029,2
42481551,2
1035878672,2
604507589,2
36620301,2
348699705,2
427369712,2
101218467,2
321346215,2
724205879,2
222357979,3
1215285319,3
253659911,3
499440187,2
1357013745,2
446819401,2
466588334,2
426097852,2
400529045,2
454427566,2
530690090,2
197297118,2
970991423,2
1481937732,3
1659134542,2
341696347,2
1202195569,2
730885075,2
136922125,2
529508555,2
275660336,2
427146994,2
162358366,2
879057709,2
1242414407,2
1122127696,2
969816359,3
79207086,3
300616669,2
949308286,2
394438140,2
59656385,2
368358922,2
525270934,2
606105226,2
390556306,2
496739644,2
1234982301,2
272758832,2
387522830,2
355955169,2
412961730,2
1062599196,2
428466529,2
835351458,7
245574929,2
809571758,2
465439445,2
419333893,2
53671851,2
411909381,2
92018759,2
1030584826,3
516164442,2
373758718,2
539231269,2
1011002498,2
323716378,2
159001351,2
333249547,2
1284911529,2
454647440,2
1034482975,2
553966879,2
562518981,2
399539537,2
513697854,2
1172542967,2
503634957,2
344792777,2
508500932,2
1557220955,3
464199940,2
326042014,2
730803141,2
1280593985,2
1226534138,2
154456677,2
871377307,2
1553284125,2
520980639,2
1337966892,2
494592127,2
407149406,2
1363835354,2
512273237,2
150181701,2
99111810,2
54569285,2
490446547,2
436614093,2
281822265,10
52300750,2
157469230,2
495049708,2
472814487,2
273147659,2
508716666,2
825947116,2
1139758615,2
887454356,3
508652107,2
1933932299,2
940063157,2
10929364,2
1258579,2
1172069451,2
1669994,2
629486893,2
470861078,2
333016404,2
993186469,2
275840233,2
429218776,2
1383951886,2
952121887,2
970839441,2
353122066,2
387578635,2
1214215267,2
133860013,2
381342700,2
427555761,2
701068172,3
1429855691,2
391358843,2
519793904,2
144512600,2
702625754,2
1746774145,2
1304607710,2
1295526380,2
418078884,2
911600780,2
361373954,2
419546798,2
339190487,2
1090114839,2
507133853,2
179556044,2
1442035298,2
434256643,2
1406436264,2
930466664,2
852835463,3
488042751,3
363682069,2
474925836,2
469871391,2
98711303,2
1467230759,2
113758788,2
894810257,2
546112340,2
378707396,2
338612303,2
852134497,2
1309996249,2
286425232,2
525735499,2
7484058,2
475742500,2
547645366,2
416572034,2
447778611,2
55423051,2
614987939,2
341185361,8
984309085,2
162895296,2
412601339,2
349461368,2
1408218515,2
1045758168,2
66627257,2
657560683,2
416429494,2
200117554,2
698795970,2
229839185,2
423864565,2
667896838,2
471114623,2
809265645,2
380767465,2
637650948,2
8964803,2
531392418,2
270043267,2
1310386881,2
907769,2
616420398,12
475861128,2
381474053,2
324846887,2
413702375,2
1295040743,3
353760694,3
359604284,3
300932265,2
164710335,2
469028790,2
124196293,2
456365578,2
352568848,2
414810607,2
1347173969,2
941848666,2
545203904,2
128588852,2
418110921,2
310241822,2
1757007697,2
447082638,2
1294184002,2
531814935,2
1518408100,2
112176005,2
392574227,2
427994671,2
360768430,2
1491581371,2
432084545,2
834496966,2
166019400,2
984379045,2
231650994,3
321460076,2
437690408,2
319850226,2
346933710,2
127917312,2
278556147,1
324694879,1
1618289075,1
875572452,1
800770170,1
1385590475,1
1562277233,1
393593458,1
377811866,2
309382980,2
242857580,12
371294637,2
315083643,2
1234038349,2
798785780,2
517954032,2
453689761,2
613618183,2
456242520,2
834003425,2
489506692,2
900570093,2
947347255,2
430405140,2
942938223,2
1732539705,2
644002238,2
280872812,2
987671339,2
745400293,2
1656998396,7
552056771,2
52907612,2
1006342737,2
785719521,2
1205894723,2
408625101,2
808866756,2
504309248,2
520460623,2
404305279,2
380126666,2
443259140,1
235218021,1
433777766,1
458945022,1
528228634,1
539305301,1
298911341,1
403552844,1
366411884,1
171517544,1
1046306515,1
354642083,1
217405575,1
402727093,1
390510689,1
548869387,1
764557402,1
480965698,1
875973406,1
424270919,1
433287388,1
349766065,1
1061213586,1
1438875080,1
508041443,1
895059193,1
362420426,1
734253711,1
541342016,1
518917009,1
456306397,1
455292930,1
617733617,1
16191548,1
513870937,1
216432782,1
302115726,1
1431389680,1
716179937,1
343755659,1
1395629349,1
494638547,1
114231509,1
477157856,1
978522752,2
414210389,2
1449275075,2
120113567,2
382775948,2
573544029,2
475958321,2
1470916637,2
1490257918,2
489430805,2
315644441,2
513488316,2
776503958,2
1120250240,2
1535990575,2
218512976,2
1095187883,2
519211656,2
486181125,2
488872674,1
1280070845,1
1211335173,1
973849737,1
159629611,1
158638131,1
396194290,1
1105248896,1
586796685,1
1012209571,1
79310416,1
332396488,1
283171876,1
1247811342,1
330613173,1
1365021604,1
423705010,1
135565350,1
1772206338,1
137222678,1
469733493,1
667749776,1
939953184,1
390517153,1
1269971251,1
446557240,1
448697117,1
1449665493,1
1439084483,1
586719976,1
188653958,1
474544375,1
880619085,1
446123650,1
798365415,1
1616953395,1
1629925856,1
394903055,1
473601307,1
475329872,1
304588510,1
933625,1
426346860,1
333865958,1
655811810,1
764706213,1
156413085,1
1657399456,1
583938140,1
130667452,1
631593533,1
380300918,1
1325121482,1
818896091,6
447488263,2
463835127,2
192983904,2
1306896184,2
542761263,2
430748116,2
324682769,2
1784200233,2
159004992,2
388874447,2
246757977,2
871046751,2
333346800,2
1718043230,1
386349882,1
878024052,1
671286977,1
477614994,1
389406923,1
417366287,1
569342748,1
952230247,1
1336464189,1
93353570,1
439160033,1
395957950,1
603839945,1
431415073,1
1273113840,1
484734951,1
139396119,1
371590390,1
284275275,1
385286028,1
292838019,1
414406869,1
1152234592,1
772768644,1
468389147,1
511946956,1
327775722,1
1077253781,1
394738120,1
822963959,1
1269596504,1
289801571,1
400940319,1
373503403,1
725717381,1
1036821121,1
85770891,1
1457628539,1
1440218651,1
179875402,1
658498152,1
609695609,1
736065458,1
613732946,2
375898713,2
407063043,2
394492378,2
1698248703,2
385039629,2
551956392,2
478741888,2
135638865,2
458249180,2
190776115,2
361375870,2
38569069,1
434376552,1
367701997,1
480633145,1
514775922,1
98398297,1
119574,1
5765516,1
1184076515,1
101330403,1
444547165,1
556306507,1
729099279,1
234458299,1
231107958,1
1349436667,1
1307199076,1
138136039,1
285889999,1
614493208,1
536577177,1
470635615,1
1308227565,1
458176513,1
627470571,1
433046622,1
305497404,1
398389756,1
367280779,1
1397081458,1
1443607035,1
62471112,1
340368378,1
1232669430,1
469492346,1
614774139,1
1359561291,1
714499442,1
795395040,1
10993828,1
456736014,1
1499380405,1
833635860,1
1477864674,1
375216064,1
235415855,1
116195299,1
1098675418,1
342026720,1
1512107156,1
11230661,1
525087957,1
242546822,1
406704186,1
118561328,1
503560201,1
478169805,1
311474758,1
480537748,1
45252226,1
1189533326,1
533254398,1
1153300590,1
712526677,1
1559752006,1
453611653,1
1150924497,1
566040341,1
525002911,1
558022095,1
438392581,1
1137613626,1
347856132,2
427439092,2
314864392,2
528776183,2
825320353,2
1326049266,2
188111883,1
133911783,1
362006072,1
451032731,1
384290931,1
547598662,1
230550363,1
1137572575,1
822552258,1
1046098612,1
1208696793,1
114070335,1
412056342,1
48238700,1
1573859540,1
927183095,1
1325933399,1
777018435,1
416808024,3
1059670558,1
458913881,1
1334933224,1
1518185077,1
400381592,1
1276141358,1
407849559,1
226941153,1
405026342,1
536455772,1
217259028,1
342639536,1
1599793768,1
58958182,1
108956554,1
469312214,1
349053749,1
1073903989,1
386028458,1
36060994,1
212385408,1
814151850,1
509290330,1
1351032008,1
1331866665,1
1042886055,1
1621239545,1
798782421,1
467169211,1
1869173404,1
280627854,1
578233268,1
1362595844,1
611790325,1
374159891,1
543962591,1
334160825,1
132979046,1
850595466,1
424623847,1
1195703421,1
1590531227,1
899579972,1
364034883,1
358011500,1
1337729116,1
1112831845,1
44260445,1
273962203,1
194766992,1
735266059,1
221125480,1
245106517,1
536678783,1
1115282155,1
200173344,1
75969182,1
252093570,1
484892671,1
921795237,1
1657955801,1
848873631,1
399030440,1
886874760,1
540192586,1
1153963833,1
470870227,1
1202183274,1
1030933677,1
498153916,1
1032170262,1
1776503438,1
335754779,1
454928758,1
1219304780,1
1053354956,1
1192803240,1
1046571056,1
1587548605,7
378461193,2
1655317173,2
82516820,2
434327602,2
333151445,2
1205018368,2
456505651,1
1171013197,2
1664742491,1
1562880615,1
703500488,1
1530911399,1
318215507,1
229066165,1
409885755,1
461193015,1
978777760,1
995539303,1
1508233033,1
710677251,1
364397036,1
367817535,1
1252184754,1
485127916,1
436385056,1
398773174,1
437377841,1
218818758,1
218960325,1
502267889,1
1448464424,1
345427192,1
1226443007,1
1393797812,1
967077875,1
253625893,1
434875947,1
486697383,1
129266651,1
378055739,1
425521070,1
247145193,1
390813616,1
728717473,1
1263142776,1
1212836758,1
1637763737,1
1653489392,1
475201946,1
1533335525,1
28248979,1
5817247,1
1077342058,1
495671524,1
474689357,1
538464103,1
979973295,1
1003561158,1
1138011348,1
86075534,1
699965921,1
1488322902,1
472001932,1
626516011,1
877529271,1
1122011461,1
68760125,1
435930762,1
1587437654,1
1373143341,1
177533744,1
352362225,1
428050991,1
323913772,1
353688922,1
35409886,1
493164433,1
857359195,1
1381232810,1
316038387,1
329006815,1
261650513,1
1210789494,1
547996542,1
746942771,1
421561136,1
106338028,1
566573962,1
216524835,1
1181098613,1
322364572,1
509628815,1
388581253,1
792381846,1
454036520,1
1550105437,1
368373315,1
377631532,1
293405675,1
428154996,1
244353360,1
411103510,1
3896101,1
1562177009,1
1248917990,1
537815370,1
382242184,1
117187182,1
1213615499,1
774448760,1
541446714,1
407512243,1
369924065,1
366515268,1
1366759338,1
708754361,1
441101003,1
384410442,1
1671371343,1
1269639836,1
371666960,1
851627213,1
567708466,1
133281346,1
1477138395,1
58710811,1
616009915,1
307987092,1
940780468,1
1180171640,1
1086149876,1
834461208,1
305157936,1
379998419,1
290602619,1
660449832,1
544299588,1
307738050,1
581015461,1
263242745,1
149879385,1
405551550,1
521527129,1
1121242199,1
345584676,1
405462346,1
1389354968,1
1203982035,1
1061448826,1
888254024,1
1585931668,1
5681202,1
147367236,1
1316105715,1
446098299,1
113955403,1
974668058,1
665633994,1
746260413,1
384601571,1
1201535503,1
266856239,1
375565591,1
1294013905,1
501136307,2
1392467680,2
434887575,2
429354592,2
1669302096,2
70637108,2
223157648,2
430629403,22
425005756,1
545434338,1
227090930,1
279770918,1
1054429834,1
855538428,1
367545255,1
1486370605,1
304665109,1
347048751,1
509648605,1
1475817985,1
1056446031,1
495267036,1
423153587,1
500091,1
553184336,1
386921453,1
302959196,1
56181931,1
475128320,1
178575827,1
501785173,1
445446075,1
715023907,1
544581617,1
1188543157,1
882271094,1
1212571208,1
1701629707,1
764135940,1
415675941,1
510683816,1
894439757,1
413283371,1
269433695,1
425313917,1
88590106,1
1120321145,1
496212318,1
542933697,1
385583881,1
547605599,1
1105026147,1
626100,1
549508975,1
1011241408,1
1513028837,1
1482039022,1
398681540,1
216052256,1
674248764,1
585115405,1
1232391191,1
403219294,1
36686859,1
1387276629,1
1123596371,1
525333377,1
911864743,1
1058920179,1
621501048,1
185043664,1
802115870,1
403995867,1
358364966,1
385123040,1
463804345,1
1630084418,1
187707200,1
1660896189,1
1131823829,1
1548835417,1
405357362,1
473529433,1
561322294,1
1204924037,1
1298207789,1
1096779210,1
432237015,1
932997879,1
1233070596,1
1346208434,1
814791549,1
488988748,1
615557245,1
1243064655,1
1305108477,1
339462723,1
1348725764,1
260095051,1
428102989,1
523564877,1
341569555,1
448273680,1
1472868445,1
637635771,1
442300923,1
1245498001,1
972572355,1
455570017,1
1242362488,1
347585298,1
679797438,1
342248172,1
482342304,1
814975517,1
394177741,1
433496882,1
430659893,1
1327610631,1
1841482475,1
503104949,1
598748816,1
965642634,1
1182994805,1
690442312,1
431973182,1
511388246,1
1773928247,1
867105514,1
650059376,1
255222298,1
936983616,1
392207800,1
676040552,1
1132588538,1
413771696,1
1264096038,1
421155185,1
1460080006,1
895322855,1
1237591200,1
1211143783,1
428920381,1
436246345,1
56004974,1
284758480,1
427587191,1
614575689,1
434031828,1
404131727,1
1191181034,1
501644915,1
654759190,1
1151174045,1
504134355,1
938890188,1
1528292811,1
410510733,1
307400986,1
543861845,1
435785869,1
1344201957,1
1186022286,1
340638604,1
1149773056,1
989482618,1
377158416,1
1193878946,1
394410945,1
1402945095,1
1160068913,1
1087195921,1
1310121197,1
1071941774,1
388942673,1
1351960272,2
430935273,2
155511997,2
1399020363,2
1426874405,1
1136209017,1
1181558449,1
66372725,1
445502222,1
1630971345,1
210146820,1
617746487,1
1151044027,1
460476365,1
248459352,1
1019143422,1
1707835011,1
228107406,1
387562502,1
442875599,1
433369446,1
1814265256,1
732862791,1
356789398,1
111366570,1
323099844,1
253490524,1
86243378,1
1057972155,1
353865513,1
29153337,1
907281420,1
1258762988,1
1383729487,1
239252430,1
303651782,1
434351638,1
24545517,1
365208795,1
338248148,1
483787449,1
176404228,1
1356014767,1
348104513,1
599670585,1
1306893240,1
416063157,1
446421898,1
1501218300,1
253560971,1
286483576,1
1226154346,1
1747417989,1
1628272608,1
1364043625,1
1830411718,1
1669031968,1
453450939,1
100248031,1
397396687,1
546634071,1
558828133,1
1214061814,1
463493037,1
546692014,1
931365966,1
523010474,1
284224159,1
607399403,1
228798963,1
509927350,1
473320661,1
164499783,1
578553496,1
339163549,1
175044422,1
346411698,1
1425207612,1
348981440,1
1143537635,1
1399813353,1
493908741,1
57477299,1
1230661087,1
409677512,1
389576872,1
190049452,1
498368662,1
636550078,1
866889574,1
272930304,1
1486016107,1
470824835,1
506671596,1
498132771,1
558069138,1
467675094,1
1556012706,1
658277745,1
621905116,1
238091691,1
636347888,1
14609375,1
1104372891,1
483792290,1
779540407,1
407536475,1
569068377,1
407691571,1
525454224,1
217916804,1
526231018,1
626279320,1
306363565,1
885283,1
1335094586,1
490448854,1
534883327,1
487511699,1
458139417,1
376156798,1
437817370,1
828903500,1
353459159,1
582517542,1
1336821344,1
123778925,1
274289778,1
427530295,1
525561442,1
799904906,1
1653624986,1
378804702,1
337300509,1
1686775963,1
1528253812,1
157129485,1
391560991,1
506932115,1
1701166048,1
370414512,1
451855690,1
1655462839,1
1144777364,1
1354269787,1
1525578786,1
389124315,1
953391475,1
411193325,1
342728885,1
495853520,1
557439613,1
525665359,1
270884598,1
989272721,1
403948838,1
1345036403,1
1361255076,1
1182720020,1
548338570,1
664435400,1
1507239997,1
942195214,1
1149713646,1
209831397,1
1381636386,1
1764871841,1
1311832977,1
1812160482,1
267114879,1
739478540,1
647570811,1
817277931,1
425467114,1
1029332802,1
507702407,1
96653683,1
641527544,1
720837515,1
501566333,1
819175598,1
562426,1
496951700,1
404004550,1
222655426,1
1165897480,1
754914617,1
251731455,1
371197484,1
368893450,1
1075470718,1
1570005286,1
1383882979,1
184582206,1
1833743035,1
1336604208,1
338322302,1
112651495,1
398171255,1
853778378,1
483490587,1
611495414,1
396063611,1
254661778,1
49604407,1
2111407,1
1320576814,1
810558010,1
1634447864,1
512400150,1
797875780,1
495934427,1
1498188921,1
1174549450,1
1755526460,1
1237350129,1
1978844807,1
656797597,1
363784410,1
389933950,1
631044673,1
527694861,1
1286558081,1
1584602712,1
449754295,1
1428688281,1
1240393403,1
490629563,1
844306114,1
788813865,1
492509312,1
1128257549,1
1415772153,1
382165996,1
456209534,1
1002343182,1
920072695,1
1345860785,1
542454696,1
676666713,1
206337403,1
476749746,1
730041113,1
413179337,1
509422931,1
372334445,1
409553611,1
1199027303,1
1048214837,1
44683762,1
199647427,1
752392,1
466036424,1
993092992,1
1281948008,1
363093662,1
313015014,1
592809808,1
464598436,1
300708624,1
537483856,1
258577495,1
1374523063,1
368316879,1
1256051882,1
466261386,1
833839327,1
1313344688,1
1456053786,1
493854111,1
1356372064,1
475172038,1
1669563772,1
176011023,1
1049379075,1
1422033573,1
941903669,1
144898504,1
791740431,1
355074508,1
406959157,1
1233721393,1
1367657215,1
1157123350,1
1357212359,1
461691210,1
404381677,1
355028086,2
274345196,2
140306040,1
1221534277,1
167220069,1
740025659,1
505043677,1
170609223,1
379294001,1
347702485,1
646359322,1
504452099,1
448004847,1
533301352,1
5622911,1
444341262,1
97773982,1
18333356,1
1810764537,1
529065267,1
246986450,1
112717867,1
1583167632,1
513692522,1
926810783,1
494028844,1
961691682,1
370621427,1
1947424058,1
960562986,1
380378330,1
416512111,1
458904380,1
688975,1
500879356,1
354459199,1
201339311,1
551844745,1
397153527,1
713521887,1
701333840,1
947510405,1
458901864,1
963951494,1
149807831,1
87220577,1
571577051,1
421931654,1
297511517,1
541293324,1
130327291,1
106144705,1
20386936,1
293882194,1
459346763,1
627106970,1
140593801,1
156601465,1
1227291744,1
362323934,1
861159702,1
589784125,1
636506883,1
1291505308,1
455153557,1
337213206,1
67731299,1
476861774,1
473992418,1
472089687,1
287107597,1
1097068630,1
160243665,1
471247184,1
1383584792,1
203188434,16
423467876,1
424499502,1
1334169361,1
495944684,1
341877857,1
508072661,1
405795437,1
365900483,1
409652606,1
948342811,1
564883163,1
1303001302,1
377730897,1
468847123,1
157144946,1
389472051,1
326836763,1
1496429511,1
93229008,1
254632017,1
782343628,1
1427206841,1
1412886981,1
461908187,1
817448415,1
1207162162,1
1421600979,1
326636463,1
257884469,1
596412190,1
397510290,1
1341826007,1
381346402,1
1334359171,1
370792181,1
364201868,1
561463191,1
1192511470,1
344540889,1
512460429,1
1580443771,1
421315255,1
1255418961,1
373582145,1
1119291902,1
369981902,1
450588268,1
1107063484,1
90192598,1
399020965,1
779904656,1
1621208369,1
833342018,1
664749859,1
916482549,1
408425406,1
817629263,1
139383925,1
380604187,1
1280815408,1
653934255,1
515447234,1
1264355660,1
1358486280,1
1286755472,1
478033562,1
1668079562,1
612328911,1
253766700,1
223795792,1
341136029,1
1399787283,1
1626914939,1
332194385,1
1253831842,1
399596159,1
1666103671,1
1715020707,1
503453719,1
155517761,1
1593828005,1
464927007,1
117487528,1
293988289,1
173309593,1
558578777,1
1029480087,1
502589699,1
1457203391,1
1002293617,1
887931,1
1236017686,1
1510869909,1
334208731,1
1320037493,1
171490400,1
919159118,1
1342618397,1
1202521488,1
65057,1
1767469471,1
1612718260,1
428854430,1
501198049,1
1411367046,1
500566154,1
1826929354,1
1370647637,1
1381729177,1
1149090587,1
751648989,1
339897986,1
1105417340,1
229781857,1
1275885883,1
427763864,1
882691811,1
607803501,1
1428782317,1
331788211,1
965445985,1
363725468,1
30028520,1
241268733,1
8845272,1
1897613416,1
1758456311,1
23845258,1
1635140145,1
1246675654,1
637767975,1
318901063,1
483903228,1
486723468,1
388183403,1
423735353,1
499535255,1
523289799,1
607567128,1
478278584,1
419092208,1
333006924,1
418494701,1
487708214,1
636928834,1
485934066,1
541978601,1
1157397579,1
864960167,1
460209785,1
1073165279,1
409235554,1
1298809578,1
1242051936,1
163316224,1
252218199,1
579208983,1
337045542,1
449894672,1
879218514,1
201846087,1
347670001,1
349822441,1
392217700,1
51658326,1
462198479,1
531777584,1
401063950,1
1266441819,1
888901578,1
322814432,1
1459150275,1
1138175609,1
880169786,1
837635877,1
559706439,1
335233039,1
111167043,1
505075840,1
468365777,1
427222228,1
54811548,1
1248583923,1
1483313746,1
796619758,1
467434523,1
520917459,1
871459599,1
1026039358,1
1281530629,1
949449006,1
446147732,1
438385192,1
669352346,1
627317559,1
235068810,1
419310556,1
156905176,1
434514710,1
706557627,1
947634633,1
1066911726,1
1234110310,1
568580610,1
465889783,1
1748464491,1
1722083043,1
1412422849,1
1015785005,1
96253056,1
605786003,1
1232875402,1
461773463,1
770561003,1
994040575,1
1225667531,1
1669642871,1
194368991,1
1110119128,1
482253476,1
151254134,1
186642014,1
536612952,8
657349562,1
393033627,1
368807352,1
749323342,1
919911426,1
401931909,1
448282345,1
968551966,1
982950959,1
385910580,1
973100719,1
263606670,1
413321800,1
483979877,1
326809549,1
559438051,1
1115506236,1
387515038,1
9848645,1
540732655,1
404369001,1
504012907,1
1207875519,1
148613549,1
323894331,1
888009274,1
1445944983,1
313564792,1
213214230,1
1203451527,1
1290301524,1
216676765,1
391943777,1
191515478,1
1471076635,1
1181820555,1
483453514,1
743776471,1
657042987,1
1022946115,1
508694831,1
1470260415,1
495668104,1
502704647,1
339120902,1
1023583037,1
375748837,1
1170194427,1
1607457248,1
657885237,1
73829221,1
1040667529,1
1436465095,1
219846796,1
514007729,1
1815538195,1
338624651,1
1683218273,1
1340736954,1
735671203,1
441105157,1
468086048,1
726005781,1
433489558,1
435401456,1
995854631,1
386692371,1
340564396,1
817253768,1
1319306914,1
322990566,1
526991177,1
146497301,1
816591329,1
316331518,1
1298159293,1
822740444,1
369324887,1
333926664,1
1415317448,1
1498631900,1
1475505179,1
300937630,1
477159068,1
465806613,1
376577143,1
1448634820,1
1082149581,1
1598511672,1
363408538,1
1536531036,1
328397196,1
1082643608,1
1346609,1
546798111,1
38645466,1
853701904,1
1681291081,1
1803247791,1
1675959508,1
1821107798,1
517695348,1
397314173,1
361556514,1
432117270,1
744595964,1
386929894,1
414992751,1
380458038,1
395960405,1
332121507,1
1100982814,1
441524342,1
767771746,1
1462399537,1
411505072,1
1493960608,1
549379978,1
570860408,1
1143784657,1
1028032043,1
30041471,1
864059174,1
134583701,1
1236305747,1
1693152717,1
1497112831,1
1518923539,1
362406927,1
444372988,1
406062229,1
801508210,1
1791232627,1
1583052479,1
1406988477,1
1790665274,1
389717972,1
1247388515,1
719295166,1
1346022209,1
1186268090,1
459366548,1
545964121,1
473819894,1
1238021368,1
1163952464,1
1110076922,1
481103513,1
1205641909,1
1299346054,1
420102078,1
415494852,1
498384967,1
579476249,1
381294639,1
1135009847,1
1277412015,1
1241725001,1
1393401574,1
336039637,1
419098324,1
162832046,1
56390140,1
1371651937,1
422971685,1
495289512,1
1337193659,1
811865608,1
1704799845,1
38069660,1
1622468553,1
650289587,1
407977364,1
1255565892,1
980452971,1
399420560,1
190732498,1
482725508,1
447423285,1
574243212,1
960365477,1
519138767,1
1011868038,1
381306110,1
1485437856,1
1580885970,1
270098693,1
466116399,1
603985159,1
362798414,1
391532521,1
105372879,1
388537918,1
463726760,1
414617979,1
1093522661,1
961048098,1
449070114,1
474907153,1
1353224687,1
1051809680,1
509699917,1
1302609554,1
408042279,1
1213470225,1
1340475146,1
58077583,1
1423079463,1
331140250,1
1315475463,1
393746376,1
1329143066,1
1316062473,1
497120159,1
800900593,1
1252927386,1
26792404,1
192673502,1
464191612,1
132486345,1
510112920,1
377146047,1
1276053750,1
362394502,1
1352282477,1
79793542,1
1364998343,1
1353551510,1
497248739,1
382288497,1
648636581,1
533966254,1
543782279,2
116090099,1
1202868282,1
222975640,1
509188258,1
569988595,1
416790845,1
177632020,1
545452075,1
163616346,1
774602555,1
46258629,1
387221644,1
1196096204,1
80651795,1
1602816098,1
907898145,1
1158830755,1
466841572,1
761666145,1
484168656,1
1655938337,1
543527805,1
1297978201,1
1519102988,1
1801654032,1
57851277,1
448826696,1
300934145,1
1374331805,1
1211928283,1
263593538,1
444617363,1
454130220,1
218917299,1
108253643,1
1759311965,1
1605513412,1
1115366768,1
21771636,1
454379312,1
426690297,1
1575785068,1
1216173429,1
526136308,1
235000750,1
670481093,1
282521384,1
403560292,1
321073371,1
296808997,1
226901931,1
590349254,1
574931424,1
548555635,1
430494838,1
448834515,1
420989100,1
391984800,1
615613078,1
490347343,1
263994080,1
184389346,1
430420543,1
130074888,1
431563037,1
707112667,1
547220599,1
963770858,1
399903679,1
836620668,1
741050403,1
412228382,1
654675340,1
306996324,1
624201383,1
431047764,1
978671870,1
506857860,1
151082432,1
356147641,1
742944418,1
578763848,1
329093267,1
298717074,1
479180574,1
997286667,1
546292062,1
223475247,1
1004656324,1
426496237,1
485001408,1
191215786,1
9801805,3
27010204,1
358526934,1
424259402,1
1015918660,1
822984444,1
469135172,1
446607275,1
159511031,1
916342321,1
431193521,1
621471729,1
207504596,1
5283339,1
1038143340,1
482559905,1
1076738807,1
486298263,1
1190760712,1
868539652,1
168316570,1
490901744,1
919906356,1
250282869,1
84237560,1
1144263006,1
457948273,1
432854238,1
436899020,1
792500043,1
547561698,1
1144414345,1
1244647315,1
1058548860,1
672519322,1
505999261,1
380667068,1
1259083913,1
748045538,1
1393065422,1
416737984,1
123211670,1
332704607,1
435677517,1
489194078,1
396763886,1
486385424,1
1026136277,1
365448046,1
1001170150,1
1319144899,1
287429145,1
101029571,1
402776915,1
458027852,1
355184597,1
173028651,1
1022763804,1
849382679,1
167108362,1
404412510,1
169806148,1
383573040,1
403461287,1
387919762,1
1208316407,1
1052519457,1
1328010574,1
1201542487,1
120077686,1
1195558066,1
931909072,1
376006972,1
1305311081,1
259759777,1
484624702,1
51186591,1
32974784,1
1360057060,1
1259766406,1
265508288,1
241471501,1
349469122,1
1301110521,1
385219021,1
132592719,1
1390405530,1
1125786810,1
435617648,1
454460465,1
321422456,1
1243514007,1
358479181,1
1389682636,1
396691436,1
358757983,1
965911634,1
952816788,1
894063053,1
399261476,1
24755966,1
97515,1
1273841119,1
440068143,1
332024829,1
389458847,1
62084,1
283457171,1
1307096391,1
496378780,1
405453728,1
587231294,1
243894118,1
87181507,1
311859570,1
495406634,1
794869941,1
1176360371,1
543442515,1
988486731,1
368330579,1
1367125762,1
1109685318,1
1000150298,1
1368887504,1
124500539,1
551091375,1
1156670740,1
79309997,1
1333533503,1
458624791,1
1342215931,1
1287421310,1
1366001207,1
1047247402,1
1230669108,1
425454247,1
472054936,1
506164756,1
411509784,1
1398776617,1
876618372,1
1254049636,1
1329124434,1
835920628,1
850061695,1
403384681,1
472041556,1
302082441,1
1436002009,1
1097320435,1
1226522178,1
1231303613,1
148254504,1
271265062,1
491218904,1
1482035143,1
1386228379,1
469859320,1
474687721,1
86773514,1
807109821,1
901124030,1
383131147,1
1358802940,1
1434871045,1
959621896,1
825285401,1
1490328484,1
1482676446,1
1495801832,1
1093286168,1
1260229508,1
844639849,1
548362511,1
1474324543,1
1476654047,1
525051851,1
746978,1
567502726,1
1474098639,1
434080881,1
1159647998,1
1291180318,1
558656494,1
583920475,1
1416925522,1
379284533,1
433239809,1
1386564207,1
655258814,1
387441216,1
827937164,1
201443245,1
431595239,1
465616704,1
391660386,1
1188387136,1
1496230498,1
785185906,1
1094017671,1
1337241791,1
1335097397,1
1402039977,1
926908745,1
1264229494,1
635378037,1
931172944,1
1338949801,1
14047541,1
369708686,1
430968551,1
1403488704,1
536135203,1
448655981,1
1411019552,1
261441649,1
791593427,1
1438182175,1
96794100,1
37011424,1
362979638,1
315652206,1
1369052721,1
618817231,1
1407249585,1
1319343257,1
927449332,1
80490735,1
1418389302,1
1364178376,1
1041688472,1
1435492022,1
1165609462,1
1316937392,1
438104580,1
459132261,1
1079121461,1
205113631,1
569634497,1
829728686,1
391053075,1
712630641,1
413337740,1
430181009,1
1379976495,1
456408417,1
890311472,1
571372814,1
1339735419,1
54216304,1
1310714768,1
1449862674,1
1136308601,1
1354703481,1
306948169,1
55186275,1
494276610,1
530484617,1
540843392,1
1274439986,1
1009814001,1
818040403,1
545345733,1
916037901,1
11992306,1
892465186,1
184827066,1
395494401,1
1517176624,1
1250333307,1
1363234352,1
1517241422,1
1214680598,1
645733653,1
427522643,1
25431118,1
1482883867,1
1300561098,1
1606422847,1
1628426191,1
1347637954,1
304743722,1
1642561795,1
766326251,1
674510836,1
1396761553,1
948523501,1
264254026,1
653579139,1
482720336,1
1154999635,1
474040215,1
1473151395,1
613684,1
459586948,1
555233594,1
642835244,1
1465806024,1
756846629,1
747901388,1
1610444300,1
532653049,1
1610142128,1
547481857,1
435465468,1
161405917,1
612290348,1
824707255,1
536032310,1
1033054163,1
1182151108,1
465235251,1
1672838501,1
519950936,1
1310271436,1
494049132,1
369606097,1
298517422,1
635590615,1
1242902013,1
1024499380,1
1093747494,1
1663203080,1
352990014,1
62770328,1
311103131,1
169752614,1
1483419635,1
1432273412,1
472076749,1
1562192561,1
1361596245,1
26441569,1
8684796,1
663749105,1
929576290,1
1123779443,1
1139270516,1
1417749645,1
494325967,1
724670747,1
1333730151,1
1303386418,1
273509527,1
803470566,1
537274646,1
297094351,1
132482895,1
1664895566,1
419031159,1
1120488445,1
1047843600,1
1245657119,1
1690415723,1
333072286,1
1601790200,1
798517417,1
1735501214,1
518747122,1
1534590031,1
759436357,1
184021212,1
366533695,1
426569236,1
752417426,1
619900318,1
399328518,1
1729675501,1
699440330,1
544284670,1
1689829132,1
496062181,1
1750233900,1
195159123,1
456829741,1
81429183,1
380112298,1
542274129,1
819558472,1
618584954,1
1093061906,1
491823288,1
513944743,1
1379876472,1
435505276,1
677938746,1
1205054596,1
260335752,1
336406812,1
499647033,1
1665237383,1
1406700311,1
1281365054,1
1633919997,1
641175117,1
1482154328,1
1127608152,1
62496215,1
1349949267,1
760891334,1
851092083,1
41036300,1
322537648,1
88072350,1
350240305,1
389312043,1
1391794596,1
1787890575,1
337931354,1
854676907,1
1220066990,1
445893899,1
335806846,1
437858280,1
405447212,1
1004764281,1
525795582,1
1608368714,1
540746447,1
1706347223,1
211660165,1
446707556,1
418485537,1
212544925,1
62409878,1
223429827,1
28867001,1
378879112,1
414011078,1
199657177,1
503471769,1
979932147,1
1349473311,1
1397878203,1
1375399862,1
518674240,1
300677998,1
387588985,1
912958827,1
114598895,1
753136537,1
774479669,1
91570138,1
427389279,1
456693613,1
386599140,1
1365623458,1
1534781355,1
870951371,1
1612718511,1
1660353045,1
460056968,1
493657677,1
15384274,1
309353336,1
487659409,1
1291387943,1
507451524,1
1127410565,1
411010649,1
1499781040,1
472663360,1
354074290,1
1618739105,1
505393599,1
871069072,1
1718138294,1
391045027,1
315065866,1
1809323691,1
877624679,1
650217333,1
171914138,1
1228488319,1
404669682,1
230876685,1
1152331985,1
404417073,1
174583933,1
678814794,1
901999532,1
704338377,1
265399045,1
1713940840,1
1190836823,1
486716080,1
936850515,1
128987915,1
1756732676,1
946058313,1
319862106,1
1537263087,1
169572687,1
1602591368,1
1842888014,1
1531032944,1
330220514,1
1869883614,1
1195488357,1
869114770,1
456349357,1
884733610,1
874041239,1
389603700,1
1801678349,1
217968442,1
1424923486,1
454598738,1
286351738,1
1509605511,1
1426314509,1
1079666189,1
237835692,1
653411280,1
1822123176,1
1280769827,1
1895292670,1
468844382,1
25882044,1
485925180,1
1393501855,1
871983666,1
472000162,1
1515252708,1
474011622,1
1579331114,1
1754547198,1
1376408428,1
1483745641,1
1000640341,1
1429806647,1
566302374,1
374480509,1
1878931784,1
370847259,1
1611627024,1
796031096,1
417785328,1
619528308,1
471715012,1
332012204,1
1192751113,1
995214195,1
281041874,1
793615529,1
1668007915,1
1313490989,1
174463743,1
859934805,1
402001084,1
764509322,1
1849295733,1
1175628035,1
1254312414,1
611757354,1
1578114903,1
1496754348,1
1191385723,1
1101150116,1
544028756,1
1725644382,1
1812520667,1
1319924698,1
311816747,1
1875660499,1
1129488176,1
902519461,1
955130507,1
621651341,1
1775702547,1
1341146966,1
514190506,1
261120593,1
280775173,1
1765743173,1
937438370,1
905249685,1
502405688,1
1202872233,1
988849959,1
1506059433,1
257695634,1
1868636286,1
820577975,1
1180774033,1
1844438215,1
1922157576,1
1392938120,1
1541282547,1
516364964,1
162070402,1
535845618,1
394187746,1
1396663952,1
899295641,1
1554701145,1
985197898,1
407605509,1
457197995,1
566465682,1
439380711,1
396290580,1
1928423769,1
159270012,1
1325783034,1
1634729759,1
463864006,1
1643945183,1
522540852,1
653679239,1
484992826,1
130530262,1
1481476877,1
463227839,1
1337696104,1
1749237890,1
1878770709,1
1431954501,1
1343498841,1
561759555,1
301740447,1
536429961,1
1479216235,1
1895409374,1
1698837585,1
486764044,1
811776970,1
1094250876,1
1985848675,1
120120466,1
1743474981,1
150161938,1
91675280,1
1283987598,1
1780952303,1
1525688965,1
394305735,1
1185140711,1
255544514,1
1236082431,1
1269264154,1
1553990370,1
467240669,1
1669692784,1
1449773574,1
1962797702,1
762338963,1
1271239598,1
1864236158,1
1839082990,1
120811977,1
487175988,1
1472196800,1
1934695827,1
342120237,1
1707662334,1
485569642,1
430746405,1
450746425,1
252713905,1
338042531,1
449643530,1
478861626,1
813959338,1
438134720,1
112740069,1
416276994,1
829757687,1
922602422,1
445434451,1
1006008446,1
578732930,1
304890642,1
396026140,1
464209698,1
1277032581,1
518609302,1
460280894,1
401326692,1
655689553,1
1122606963,1
590916287,1
387177880,1
512670004,1
672546269,1
1280649878,1
1365586741,1
256700805,1
858488578,1
568378721,1
226449623,1
312782502,1
970819465,1
979403593,1
142109728,1
281344728,1
933204562,1
792495825,1
453768184,1
288576312,1
1140480667,1
346288471,1
367591925,1
1282495696,1
527098573,1
549958552,1
1329649507,1
694252572,1
369691646,1
535725839,1
544814649,1
387319818,1
1199700522,1
1161596791,1
514237459,1
623622889,1
993491524,1
950935518,1
435852046,1
1238738896,1
1317798685,1
780285656,1
1345871523,1
1280267691,1
1293707241,1
1241118295,1
427241804,1
355702,1
147227732,1
1391240209,1
412235075,1
1376738606,1
1498176091,1
931362403,1
380330814,1
707888485,1
587381295,1
1346242961,1
1423211363,1
533831812,1
826285834,1
414464301,1
1460365161,1
449013451,1
501913564,1
1474291933,1
839930019,1
1461889097,1
1193615074,1
428302395,1
1177449229,1
1423812017,1
362708682,1
464547162,1
1298894253,1
394552893,1
1042595324,1
347526425,1
1317985263,1
909636282,1
996203246,1
530671007,1
420951440,1
158005927,1
188840155,1
1085582398,1
1138497171,1
752786628,1
544708069,1
1072368149,1
475895196,1
1426870256,1
493690725,1
297092180,1
102426899,1
449223541,1
1406536853,1
1220114514,1
52880766,1
1064762278,1
187113462,1
1434757827,1
1323261131,1
1499633679,1
1170353358,1
81543771,1
216524247,1
103535907,1
293089484,1
1388628784,1
522088606,1
817246465,1
1431920478,1
526012254,1
329294873,1
505176611,1
524340802,1
885968125,1
162449264,1
241918184,1
80311871,1
414886736,1
1470412529,1
404358765,1
776626719,1
1270846966,1
1202123860,1
1560317595,1
1489129691,1
1673233446,1
501404284,1
926470120,1
773221014,1
1320858427,1
1223501079,1
412329179,1
1682972424,1
208800083,1
334052668,1
1644486680,1
839114679,1
1511014444,1
1341645929,1
855124453,1
112549228,1
1670844211,1
549474185,1
1641401125,1
291222214,1
1374755524,1
995552093,1
355772428,1
480895454,1
1416532965,1
507352326,1
502678684,1
1608976146,1
482126452,1
1177337274,1
1290833136,1
71103739,1
1767756370,1
1614781702,1
817126084,1
1510299959,1
129218808,1
335754090,1
1076948189,1
1346114627,1
917603247,1
1717727374,1
147365965,1
441353206,1
785029722,1
378620809,1
1277475787,1
1359411774,1
34401101,1
1079376681,1
987466730,1
62354794,1
35090260,1
1640537852,1
555035805,1
714290499,1
1444563223,1
1455725176,1
977077579,1
28735799,1
1735429623,1
285200763,1
434863988,1
1291802371,1
1323003215,1
1892102886,1
1314043769,1
1407005905,1
1478215967,1
1261991246,1
1488537467,1
1710826066,1
438907167,1
514608884,1
1517634261,1
1057372658,1
1780264375,1
540252618,1
714732869,1
980138649,1
670953837,1
352325170,1
1729935169,1
911863010,1
543108111,1
160257754,1
1329391488,1
671161198,1
1217401472,1
1822704035,1
1802735462,1
952692929,1
465717429,1
13729666,1
222991356,1
218440645,1
1266549273,1
399978316,1
427182528,1
794531218,1
1576873082,1
1883078010,1
1279905078,1
275752488,1
1241576297,1
410736829,1
944002234,1
1176701932,1
1861344974,1
517085521,1
193871616,1
1909300876,1
1813088521,1
85544055,1
478354963,1
373726743,1
777447652,1
316108665,1
737349271,1
430077752,1
527374369,1
953621023,1
1078787068,1
387738139,1
454756134,1
277960399,1
953923711,1
512815932,1
371535657,1
429799822,1
396940401,1
895626305,1
796411759,1
1398746452,1
208840800,1
183350522,1
431889936,1
515504497,1
26478816,1
417307262,1
1015538909,1
539454374,1
770808298,1
373384491,1
66889611,1
1174215423,1
1322333457,1
146474320,1
818373727,1
252759240,1
501336298,1
1343294680,1
1438374402,1
1377257599,1
1280531731,1
1224326641,1
467349974,1
548882239,1
886773596,1
322456099,1
1245490761,1
1177402675,1
1444786358,1
417745048,1
1450559702,1
1041152346,1
649107221,1
405577405,1
362446707,1
1326478702,1
233912537,1
1185833197,1
1229121657,1
1396190746,1
189874994,1
1522757386,1
545795233,1
754784438,1
430587300,1
1458538568,1
447086777,1
172001357,1
1483212078,1
1310054619,1
880671489,1
1686756030,1
1204376278,1
84380711,1
216211192,1
1393251223,1
992507653,1
133549946,1
165374475,1
409734002,1
521088386,1
1126633470,1
475977335,1
443575531,1
262225365,1
528254390,1
417997193,1
1453239714,1
1416961287,1
372348725,1
1053776830,1
322877657,1
328940762,1
1335786339,1
392252695,1
1492254225,1
1101316620,1
1176565790,1
1662608012,1
1546753937,1
1646592754,1
1199184122,1
901694093,1
764575430,1
1579128961,1
267492233,1
1392746011,1
184895116,1
919795307,1
1689494425,1
741976062,1
770797124,1
243170833,1
967015766,1
446511511,1
17541212,1
222068626,1
890136886,1
530325670,1
1197084001,1
341140243,1
1037670020,1
587432756,1
488387726,1
621096630,1
1216701686,1
685773773,1
1391983595,1
1238588178,1
590280029,1
567537530,1
1249931922,1
394567027,1
316267284,1
147312187,1
1305049601,1
1395876437,1
465705583,1
1491585712,1
564866039,1
1389060063,1
855304680,1
1458684371,1
1485427611,1
802085989,1
1106250714,1
1342412832,1
90954900,1
862744085,1
398335714,1
1629568548,1
1530381437,1
336062992,1
1673084100,1
1691767927,1
430906628,1
969450869,1
1255240228,1
425245257,1
449632208,1
422467830,1
1707582153,1
1314436676,1
106575498,1
392440835,1
376593,1
1736333923,1
1336627426,1
475163959,1
239833867,1
76976,1
405869660,1
737241189,1
87432776,1
146554112,1
547780264,1
448458074,1
1079060690,1
497131680,1
397135900,1
517979049,1
1117234180,1
429292674,1
1135314861,1
1360772001,1
1108775187,1
1101886282,1
1496041866,1
452442937,1
150635273,1
917928973,1
1051873889,1
457536475,1
388862369,1
1614585650,1
712593727,1
546337951,1
261631612,1
794404851,1
302510434,1
971136786,1
1195937777,1
842750806,1
1911813734,1
481543160,1
417085646,1
308841251,1
487003892,1
996408005,1
6274294,1
1012692620,1
1186408760,1
443520889,1
1286178362,1
567828984,1
1229726564,1
1236582023,1
556379645,1
1414761714,1
465977503,1
1445643231,1
74955797,1
1152888836,1
1107952674,1
219266405,1
1111399227,1
918331406,1
544450926,1
952704520,1
353453336,1
396244487,1
273010358,1
1281310387,1
120465340,1
1315453343,1
1315053249,1
654055005,1
334848708,1
948287239,1
563933917,1
893173594,1
354753131,1
1224770477,1
1499421217,1
1365244773,1
1297780313,1
1202336566,1
1357452714,1
1072471325,1
458725863,1
569056479,1
466698085,1
1362861841,1
444701968,1
227681697,1
1092212787,1
425304280,1
1311669837,1
474188627,1
1168685831,1
136899835,1
397154601,1
439475451,1
1525044594,1
1489956512,1
593942069,1
1000305223,1
895335531,1
636716446,1
1597659030,1
1694958773,1
65608956,1
301869458,1
467860486,1
415336614,1
150545461,1
1297196482,1
562724391,1
1326259683,1
590315582,1
302917081,1
1781687884,1
292841925,1
386774831,1
773370661,1
1095926881,1
1550403110,1
598641826,1
1822468724,1
481577360,1
57426764,1
584715060,1
546004991,1
1171068835,1
469008356,1
1163501931,1
477987560,1
619044003,1
718132935,1
138801491,1
1165013095,1
770026539,1
819742460,1
501902200,1
706665437,1
405988799,1
1367557820,1
1072300741,1
1496315130,1
486007692,1
1181128578,1
497579406,1
1486842032,1
1016372366,1
413704267,1
389762349,1
370673921,1
496919819,1
1274292930,2
307986954,1
1226110473,2
959923957,1
493501104,1
9130436,1
323736547,1
991732330,1
240599928,1
410373903,1
259105369,1
1297252998,1
431006286,1
385515286,1
455543077,1
1244971795,1
1276188434,1
473840913,1
192550676,1
1531209765,1
772374289,1
412500593,1
653109580,1
1628884862,1
560212637,1
89772951,1
1510001787,1
1627417342,1
46636776,1
368805157,1
1401218486,1
290000030,1
207881477,1
1697751479,1
602250067,1
364136592,1
429613640,1
178331531,1
1076687903,1
1646773021,1
1692551339,1
728126892,1
730059393,1
1033865812,1
283304517,1
100794888,1
938180494,1
418524509,1
1464578074,1
663516785,1
245501472,1
172342773,1
383960938,1
1044663934,1
1474652260,1
366417589,1
1779750162,1
1155977538,1
1038679879,1
487452025,1
1321196854,1
543803362,1
1151966900,1
921510242,1
1208643292,1
494375990,1
1363001114,1
1351362335,1
483542952,1
1335664530,1
1239087238,1
606119441,1
8303507,1
1936496145,1
1936102124,1
731556073,1
185710200,1
518778683,1
297797690,1
924881313,1
262869599,1
1565080661,1
1417823719,1
732540786,1
1349240795,1
635728819,1
441964917,1
1117700623,1
460903558,1
1465667688,1
1468377670,1
1675735486,1
1511707049,1
515792246,1
386386709,1
743587216,1
459527766,1
336802900,1
1281867287,1
606919489,1
1241716013,1
1532547422,1
1572077468,1
1353231818,1
477063249,1
1382439761,1
1138024235,1
1517402037,1
1611354039,1
1792853373,1
35759177,1
773880754,1
953026497,1
280373997,1
1161152977,1
486996759,1
397225275,1
415753611,1
1478634719,1
956861490,1
1331338435,1
109004683,1
441266433,1
827311270,1
523992980,1
1189510166,1
403619135,1
191969364,1
343891905,1
1173051796,1
1620757528,1
402953213,1
1440683757,1
240861395,1
1527671151,1
499665849,1
1450519281,1
1616697881,1
1227156381,1
1648259909,1
307246603,1
305030522,1
531670387,1
639320572,1
449096852,1
452541348,1
285034805,1
537142618,1
1539359057,1
475414572,1
1176613171,1
1525406567,1
537499926,1
1662356798,1
456067097,1
559750100,1
475568047,1
520295422,1
746778798,1
1413903560,1
442877682,1
1058536763,1
785651512,1
482578223,1
1721631412,1
1641382843,1
431036887,1
291620,1
1532927021,1
1735372181,1
786704230,1
1347710058,1
1688408368,1
812704784,1
1672433054,1
1617405391,1
1933888145,1
461191203,1
531567696,1
1240447516,1
128926279,1
519733178,1
329818175,1
1021623051,1
484884528,1
125755133,1
1700061981,1
1041849682,1
340480200,1
96081810,1
1979284378,1
450673806,1
444454610,1
1893872898,1
1929598260,1
1746538700,1
842762560,1
412715989,1
98012219,1
1335847720,1
318654548,1
67950696,1
1771826205,1
1967829247,1
1488348659,1
1807715075,1
1873906102,1
382329237,1
1546660655,1
438817274,1
876396401,1
394690871,1
464549768,1
445689791,1
614402364,1
35164769,1
1663941040,1
818279871,1
357232955,1
185214012,1
1570382707,1
715029331,1
302330237,1
1149463929,1
483083895,1
1567727516,1
1517538626,1
927149813,1
514581971,1
1187457241,1
376312620,1
537776265,1
1866193643,1
1678660712,1
596247981,1
145521841,1
391646665,1
1137417074,1
1345882331,1
419075892,1
208313380,1
1467195741,1
1401873975,1
1088260160,1
393997740,1
1625483477,1
1664427231,1
931649699,1
1716928177,1
180060288,1
503388057,1
1137616820,1
1679911843,1
1368129788,1
968257543,1
1239042545,1
1671559422,1
966285793,1
865474536,1
824584219,1
1634770390,1
776346342,1
429117374,1
1636711390,1
567226656,1
1791206706,1
795678586,1
1056382008,1
1189818699,1
1615227641,1
497596254,1